-- phpMyAdmin SQL Dump
-- version 5.2.0
-- https://www.phpmyadmin.net/
--
-- Host: 127.0.0.1
-- Generation Time: Jan 07, 2023 at 12:38 AM
-- Server version: 10.4.25-MariaDB
-- PHP Version: 8.1.10

SET SQL_MODE = "NO_AUTO_VALUE_ON_ZERO";
START TRANSACTION;
SET time_zone = "+00:00";


/*!40101 SET @OLD_CHARACTER_SET_CLIENT=@@CHARACTER_SET_CLIENT */;
/*!40101 SET @OLD_CHARACTER_SET_RESULTS=@@CHARACTER_SET_RESULTS */;
/*!40101 SET @OLD_COLLATION_CONNECTION=@@COLLATION_CONNECTION */;
/*!40101 SET NAMES utf8mb4 */;

--
-- Database: `db_jobb`
--
CREATE DATABASE IF NOT EXISTS `db_jobb` DEFAULT CHARACTER SET utf8mb4 COLLATE utf8mb4_general_ci;
USE `db_jobb`;

-- --------------------------------------------------------

--
-- Table structure for table `article`
--

CREATE TABLE `article` (
  `id` int(11) NOT NULL,
  `libelle` varchar(255) COLLATE utf8mb4_unicode_ci NOT NULL
) ENGINE=InnoDB DEFAULT CHARSET=utf8mb4 COLLATE=utf8mb4_unicode_ci;

-- --------------------------------------------------------

--
-- Table structure for table `category`
--

CREATE TABLE `category` (
  `id` int(11) NOT NULL,
  `nom_category` varchar(255) COLLATE utf8mb4_unicode_ci NOT NULL,
  `image` varchar(255) COLLATE utf8mb4_unicode_ci DEFAULT NULL
) ENGINE=InnoDB DEFAULT CHARSET=utf8mb4 COLLATE=utf8mb4_unicode_ci;

-- --------------------------------------------------------

--
-- Table structure for table `image`
--

CREATE TABLE `image` (
  `id` int(11) NOT NULL,
  `url` varchar(255) COLLATE utf8mb4_unicode_ci NOT NULL,
  `alt` varchar(255) COLLATE utf8mb4_unicode_ci DEFAULT NULL
) ENGINE=InnoDB DEFAULT CHARSET=utf8mb4 COLLATE=utf8mb4_unicode_ci;

--
-- Dumping data for table `image`
--

INSERT INTO `image` (`id`, `url`, `alt`) VALUES
(1, 'https://cdn.pixabay.com/photo/2015/10/30/10/03/gold-1013618_960_720.jpg', 'job de rêve'),
(2, 'https://cdn.pixabay.com/photo/2015/10/30/10/03/gold-1013618_960_720.jpg', 'job de rêve'),
(3, 'https://cdn.pixabay.com/photo/2015/10/30/10/03/gold-1013618_960_720.jpg', 'job de rêve'),
(4, 'https://cdn.pixabay.com/photo/2015/10/30/10/03/gold-1013618_960_720.jpg', 'job de rêve'),
(5, 'https://cdn.pixabay.com/photo/2015/10/30/10/03/gold-1013618_960_720.jpg', 'job de rêve'),
(6, 'https://cdn.pixabay.com/photo/2015/10/30/10/03/gold-1013618_960_720.jpg', 'job de rêve'),
(7, 'https://cdn.pixabay.com/photo/2015/10/30/10/03/gold-1013618_960_720.jpg', 'job de rêve'),
(8, 'https://cdn.pixabay.com/photo/2015/10/30/10/03/gold-1013618_960_720.jpg', 'job de rêve'),
(9, 'https://cdn.pixabay.com/photo/2015/10/30/10/03/gold-1013618_960_720.jpg', 'job de rêve'),
(10, 'https://cdn.pixabay.com/photo/2015/10/30/10/03/gold-1013618_960_720.jpg', 'job de rêve'),
(11, 'https://cdn.pixabay.com/photo/2015/10/30/10/03/gold-1013618_960_720.jpg', 'job de rêve'),
(12, 'https://www.google.com/search?q=avatar&tbm=isch&chips=q:avatar,g_1:icon:xVUJsQyVJ94%3D&hl=fr&sa=X&ved=2ahUKEwjLhfCyl9P7AhWPwwIHHRnCBsoQ4lYoCXoECAEQNQ#imgrc=sAOpG1bmkInedM', 'image1'),
(13, 'https://www.google.com/search?q=avatar&tbm=isch&chips=q:avatar,g_1:icon:xVUJsQyVJ94%3D&hl=fr&sa=X&ved=2ahUKEwjLhfCyl9P7AhWPwwIHHRnCBsoQ4lYoCXoECAEQNQ#imgrc=uzbmQyrondrrRM', 'image2');

-- --------------------------------------------------------

--
-- Table structure for table `messenger_messages`
--

CREATE TABLE `messenger_messages` (
  `id` bigint(20) NOT NULL,
  `body` longtext COLLATE utf8mb4_unicode_ci NOT NULL,
  `headers` longtext COLLATE utf8mb4_unicode_ci NOT NULL,
  `queue_name` varchar(190) COLLATE utf8mb4_unicode_ci NOT NULL,
  `created_at` datetime NOT NULL,
  `available_at` datetime NOT NULL,
  `delivered_at` datetime DEFAULT NULL
) ENGINE=InnoDB DEFAULT CHARSET=utf8mb4 COLLATE=utf8mb4_unicode_ci;

-- --------------------------------------------------------

--
-- Table structure for table `user`
--

CREATE TABLE `user` (
  `id` int(11) NOT NULL,
  `email` varchar(255) COLLATE utf8mb4_unicode_ci NOT NULL,
  `username` varchar(255) COLLATE utf8mb4_unicode_ci NOT NULL,
  `password` varchar(64) COLLATE utf8mb4_unicode_ci NOT NULL,
  `roles` longtext COLLATE utf8mb4_unicode_ci NOT NULL COMMENT '(DC2Type:array)'
) ENGINE=InnoDB DEFAULT CHARSET=utf8mb4 COLLATE=utf8mb4_unicode_ci;

--
-- Dumping data for table `user`
--

INSERT INTO `user` (`id`, `email`, `username`, `password`, `roles`) VALUES
(1, 'oumaima@gmail.com', 'oumaima', '$2y$13$ur2HXGX7UyKN34s/nqYP0ODgwG0gwEJB.RTrMsalfX6D50v/QdxyO', 'a:1:{i:0;s:10:\"ROLE_ADMIN\";}'),
(2, 'oumaimaa@gmail.com', 'oumaimaaa', '$2y$13$hkPTyZHhIppbCmxFV0yU7O0EscbIswqvcLGgpgbMxE5nLsu6KE/y6', 'a:1:{i:0;s:10:\"ROLE_ADMIN\";}'),
(3, 'med@gmail.com', 'med', '$2y$13$JHXEXDco5UKRawKy9d.6gOIK82apP.wBDq3jGTDLuaVhhJTSnpx1.', 'a:1:{i:0;s:9:\"ROLE_USER\";}');

--
-- Indexes for dumped tables
--

--
-- Indexes for table `article`
--
ALTER TABLE `article`
  ADD PRIMARY KEY (`id`);

--
-- Indexes for table `category`
--
ALTER TABLE `category`
  ADD PRIMARY KEY (`id`);

--
-- Indexes for table `image`
--
ALTER TABLE `image`
  ADD PRIMARY KEY (`id`);

--
-- Indexes for table `messenger_messages`
--
ALTER TABLE `messenger_messages`
  ADD PRIMARY KEY (`id`),
  ADD KEY `IDX_75EA56E0FB7336F0` (`queue_name`),
  ADD KEY `IDX_75EA56E0E3BD61CE` (`available_at`),
  ADD KEY `IDX_75EA56E016BA31DB` (`delivered_at`);

--
-- Indexes for table `user`
--
ALTER TABLE `user`
  ADD PRIMARY KEY (`id`);

--
-- AUTO_INCREMENT for dumped tables
--

--
-- AUTO_INCREMENT for table `article`
--
ALTER TABLE `article`
  MODIFY `id` int(11) NOT NULL AUTO_INCREMENT;

--
-- AUTO_INCREMENT for table `category`
--
ALTER TABLE `category`
  MODIFY `id` int(11) NOT NULL AUTO_INCREMENT;

--
-- AUTO_INCREMENT for table `image`
--
ALTER TABLE `image`
  MODIFY `id` int(11) NOT NULL AUTO_INCREMENT, AUTO_INCREMENT=16;

--
-- AUTO_INCREMENT for table `messenger_messages`
--
ALTER TABLE `messenger_messages`
  MODIFY `id` bigint(20) NOT NULL AUTO_INCREMENT;

--
-- AUTO_INCREMENT for table `user`
--
ALTER TABLE `user`
  MODIFY `id` int(11) NOT NULL AUTO_INCREMENT, AUTO_INCREMENT=4;
--
-- Database: `events`
--
CREATE DATABASE IF NOT EXISTS `events` DEFAULT CHARACTER SET utf8mb4 COLLATE utf8mb4_general_ci;
USE `events`;

-- --------------------------------------------------------

--
-- Table structure for table `events`
--

CREATE TABLE `events` (
  `id` bigint(20) UNSIGNED NOT NULL,
  `created_at` timestamp NULL DEFAULT NULL,
  `updated_at` timestamp NULL DEFAULT NULL,
  `orgonizer` varchar(255) COLLATE utf8mb4_unicode_ci NOT NULL,
  `mobile` varchar(255) COLLATE utf8mb4_unicode_ci NOT NULL,
  `eventname` varchar(255) COLLATE utf8mb4_unicode_ci NOT NULL
) ENGINE=InnoDB DEFAULT CHARSET=utf8mb4 COLLATE=utf8mb4_unicode_ci;

-- --------------------------------------------------------

--
-- Table structure for table `migrations`
--

CREATE TABLE `migrations` (
  `id` int(10) UNSIGNED NOT NULL,
  `migration` varchar(255) COLLATE utf8mb4_unicode_ci NOT NULL,
  `batch` int(11) NOT NULL
) ENGINE=InnoDB DEFAULT CHARSET=utf8mb4 COLLATE=utf8mb4_unicode_ci;

--
-- Dumping data for table `migrations`
--

INSERT INTO `migrations` (`id`, `migration`, `batch`) VALUES
(1, '2014_08_12_000000_create_users_table', 1),
(2, '2019_12_14_000001_create_personal_access_tokens_table', 1),
(3, '2022_08_03_061844_create_user_types_table', 1),
(4, '2022_08_03_061918_create_role_type_users_table', 1),
(5, '2022_08_04_053627_create_sequence_tbls_table', 1),
(6, '2022_08_04_053741_create_generate_id_tbls_table', 1),
(7, '2022_12_31_134912_create_events_table', 2);

-- --------------------------------------------------------

--
-- Table structure for table `personal_access_tokens`
--

CREATE TABLE `personal_access_tokens` (
  `id` bigint(20) UNSIGNED NOT NULL,
  `tokenable_type` varchar(255) COLLATE utf8mb4_unicode_ci NOT NULL,
  `tokenable_id` bigint(20) UNSIGNED NOT NULL,
  `name` varchar(255) COLLATE utf8mb4_unicode_ci NOT NULL,
  `token` varchar(64) COLLATE utf8mb4_unicode_ci NOT NULL,
  `abilities` text COLLATE utf8mb4_unicode_ci DEFAULT NULL,
  `last_used_at` timestamp NULL DEFAULT NULL,
  `expires_at` timestamp NULL DEFAULT NULL,
  `created_at` timestamp NULL DEFAULT NULL,
  `updated_at` timestamp NULL DEFAULT NULL
) ENGINE=InnoDB DEFAULT CHARSET=utf8mb4 COLLATE=utf8mb4_unicode_ci;

-- --------------------------------------------------------

--
-- Table structure for table `role_type_users`
--

CREATE TABLE `role_type_users` (
  `id` bigint(20) UNSIGNED NOT NULL,
  `role_type` varchar(255) COLLATE utf8mb4_unicode_ci DEFAULT NULL,
  `created_at` timestamp NULL DEFAULT NULL,
  `updated_at` timestamp NULL DEFAULT NULL
) ENGINE=InnoDB DEFAULT CHARSET=utf8mb4 COLLATE=utf8mb4_unicode_ci;

--
-- Dumping data for table `role_type_users`
--

INSERT INTO `role_type_users` (`id`, `role_type`, `created_at`, `updated_at`) VALUES
(1, 'Admin', NULL, NULL),
(2, 'Super Admin', NULL, NULL),
(3, 'Normal User', NULL, NULL),
(4, 'Teachers', NULL, NULL),
(5, 'Student', NULL, NULL);

-- --------------------------------------------------------

--
-- Table structure for table `sequence_tbl`
--

CREATE TABLE `sequence_tbl` (
  `id` bigint(20) UNSIGNED NOT NULL
) ENGINE=InnoDB DEFAULT CHARSET=utf8mb4 COLLATE=utf8mb4_unicode_ci;

--
-- Dumping data for table `sequence_tbl`
--

INSERT INTO `sequence_tbl` (`id`) VALUES
(1),
(2);

-- --------------------------------------------------------

--
-- Table structure for table `users`
--

CREATE TABLE `users` (
  `id` bigint(20) UNSIGNED NOT NULL,
  `name` varchar(255) COLLATE utf8mb4_unicode_ci DEFAULT NULL,
  `user_id` varchar(255) COLLATE utf8mb4_unicode_ci DEFAULT NULL,
  `email` varchar(255) COLLATE utf8mb4_unicode_ci DEFAULT NULL,
  `join_date` varchar(255) COLLATE utf8mb4_unicode_ci DEFAULT NULL,
  `phone_number` varchar(255) COLLATE utf8mb4_unicode_ci DEFAULT NULL,
  `status` varchar(255) COLLATE utf8mb4_unicode_ci DEFAULT NULL,
  `role_name` varchar(255) COLLATE utf8mb4_unicode_ci DEFAULT NULL,
  `avatar` varchar(255) COLLATE utf8mb4_unicode_ci DEFAULT NULL,
  `position` varchar(255) COLLATE utf8mb4_unicode_ci DEFAULT NULL,
  `department` varchar(255) COLLATE utf8mb4_unicode_ci DEFAULT NULL,
  `email_verified_at` timestamp NULL DEFAULT NULL,
  `password` varchar(255) COLLATE utf8mb4_unicode_ci NOT NULL,
  `remember_token` varchar(100) COLLATE utf8mb4_unicode_ci DEFAULT NULL,
  `created_at` timestamp NULL DEFAULT NULL,
  `updated_at` timestamp NULL DEFAULT NULL
) ENGINE=InnoDB DEFAULT CHARSET=utf8mb4 COLLATE=utf8mb4_unicode_ci;

--
-- Dumping data for table `users`
--

INSERT INTO `users` (`id`, `name`, `user_id`, `email`, `join_date`, `phone_number`, `status`, `role_name`, `avatar`, `position`, `department`, `email_verified_at`, `password`, `remember_token`, `created_at`, `updated_at`) VALUES
(1, 'admin', '00001', 'admin@gmail.com', 'Fri, Dec 30, 2022 11:40 PM', NULL, NULL, 'Admin', 'photo_defaults.jpg', NULL, NULL, NULL, '$2y$10$r2youP1PfUKHylZfukCcJetaKVv/5xj91HDmuCFEhK54cG5IpmJJu', NULL, '2022-12-30 22:40:41', '2022-12-30 22:40:41'),
(2, 'superadmin', '00002', 'superadmin@gmail.com', 'Sat, Dec 31, 2022 12:31 AM', NULL, NULL, 'Super Admin', 'photo_defaults.jpg', NULL, NULL, NULL, '$2y$10$vM5h4Gfgot50GqSC8K.6T.oYlOmHS5MTuMWZQBso4/S9QR2/tjWRG', NULL, '2022-12-30 23:31:16', '2022-12-30 23:31:16');

--
-- Triggers `users`
--
DELIMITER $$
CREATE TRIGGER `id_store` BEFORE INSERT ON `users` FOR EACH ROW BEGIN
                INSERT INTO sequence_tbl VALUES (NULL);
                SET NEW.user_id = CONCAT("0", LPAD(LAST_INSERT_ID(), 4, "0"));
            END
$$
DELIMITER ;

-- --------------------------------------------------------

--
-- Table structure for table `user_types`
--

CREATE TABLE `user_types` (
  `id` bigint(20) UNSIGNED NOT NULL,
  `type_name` varchar(255) COLLATE utf8mb4_unicode_ci DEFAULT NULL,
  `created_at` timestamp NULL DEFAULT NULL,
  `updated_at` timestamp NULL DEFAULT NULL
) ENGINE=InnoDB DEFAULT CHARSET=utf8mb4 COLLATE=utf8mb4_unicode_ci;

--
-- Dumping data for table `user_types`
--

INSERT INTO `user_types` (`id`, `type_name`, `created_at`, `updated_at`) VALUES
(1, 'Active', NULL, NULL),
(2, 'Inactive', NULL, NULL),
(3, 'Disable', NULL, NULL);

--
-- Indexes for dumped tables
--

--
-- Indexes for table `events`
--
ALTER TABLE `events`
  ADD PRIMARY KEY (`id`);

--
-- Indexes for table `migrations`
--
ALTER TABLE `migrations`
  ADD PRIMARY KEY (`id`);

--
-- Indexes for table `personal_access_tokens`
--
ALTER TABLE `personal_access_tokens`
  ADD PRIMARY KEY (`id`),
  ADD UNIQUE KEY `personal_access_tokens_token_unique` (`token`),
  ADD KEY `personal_access_tokens_tokenable_type_tokenable_id_index` (`tokenable_type`,`tokenable_id`);

--
-- Indexes for table `role_type_users`
--
ALTER TABLE `role_type_users`
  ADD PRIMARY KEY (`id`);

--
-- Indexes for table `sequence_tbl`
--
ALTER TABLE `sequence_tbl`
  ADD PRIMARY KEY (`id`);

--
-- Indexes for table `users`
--
ALTER TABLE `users`
  ADD PRIMARY KEY (`id`);

--
-- Indexes for table `user_types`
--
ALTER TABLE `user_types`
  ADD PRIMARY KEY (`id`);

--
-- AUTO_INCREMENT for dumped tables
--

--
-- AUTO_INCREMENT for table `events`
--
ALTER TABLE `events`
  MODIFY `id` bigint(20) UNSIGNED NOT NULL AUTO_INCREMENT;

--
-- AUTO_INCREMENT for table `migrations`
--
ALTER TABLE `migrations`
  MODIFY `id` int(10) UNSIGNED NOT NULL AUTO_INCREMENT, AUTO_INCREMENT=8;

--
-- AUTO_INCREMENT for table `personal_access_tokens`
--
ALTER TABLE `personal_access_tokens`
  MODIFY `id` bigint(20) UNSIGNED NOT NULL AUTO_INCREMENT;

--
-- AUTO_INCREMENT for table `role_type_users`
--
ALTER TABLE `role_type_users`
  MODIFY `id` bigint(20) UNSIGNED NOT NULL AUTO_INCREMENT, AUTO_INCREMENT=6;

--
-- AUTO_INCREMENT for table `sequence_tbl`
--
ALTER TABLE `sequence_tbl`
  MODIFY `id` bigint(20) UNSIGNED NOT NULL AUTO_INCREMENT, AUTO_INCREMENT=3;

--
-- AUTO_INCREMENT for table `users`
--
ALTER TABLE `users`
  MODIFY `id` bigint(20) UNSIGNED NOT NULL AUTO_INCREMENT, AUTO_INCREMENT=3;

--
-- AUTO_INCREMENT for table `user_types`
--
ALTER TABLE `user_types`
  MODIFY `id` bigint(20) UNSIGNED NOT NULL AUTO_INCREMENT, AUTO_INCREMENT=4;
--
-- Database: `event_db`
--
CREATE DATABASE IF NOT EXISTS `event_db` DEFAULT CHARACTER SET utf8mb4 COLLATE utf8mb4_general_ci;
USE `event_db`;

-- --------------------------------------------------------

--
-- Table structure for table `audience`
--

CREATE TABLE `audience` (
  `id` int(11) NOT NULL,
  `name` text NOT NULL,
  `contact` varchar(50) NOT NULL,
  `email` varchar(100) NOT NULL,
  `address` text NOT NULL,
  `event_id` int(30) NOT NULL,
  `payment_status` tinyint(1) NOT NULL DEFAULT 0 COMMENT '0= pending, 1 =Paid',
  `attendance_status` tinyint(1) NOT NULL DEFAULT 0 COMMENT '1= present',
  `status` tinyint(1) NOT NULL DEFAULT 0 COMMENT '0 = for verification,  1 = confirmed,2= declined',
  `date_created` datetime NOT NULL DEFAULT current_timestamp()
) ENGINE=InnoDB DEFAULT CHARSET=utf8mb4;

--
-- Dumping data for table `audience`
--

INSERT INTO `audience` (`id`, `name`, `contact`, `email`, `address`, `event_id`, `payment_status`, `attendance_status`, `status`, `date_created`) VALUES
(2, 'Kamel Mejbri', '22977545', 'Kamel@sample.com', 'Sahloul', 3, 1, 0, 0, '0000-00-00 00:00:00'),
(3, 'Sami BENAZREG', '22546987', 'SAmi@gmail.com', 'Sousse', 2, 1, 0, 1, '2023-01-01 17:12:43'),
(4, 'mohamed gaaya', '22555444', 'mohamed@gmail.com', 'sahliul', 2, 0, 0, 0, '2023-01-03 14:25:36');

-- --------------------------------------------------------

--
-- Table structure for table `events`
--

CREATE TABLE `events` (
  `id` int(30) NOT NULL,
  `venue_id` int(30) NOT NULL,
  `event` text NOT NULL,
  `description` text NOT NULL,
  `schedule` datetime NOT NULL,
  `type` tinyint(1) NOT NULL DEFAULT 1 COMMENT '1=Public, 2-Private',
  `audience_capacity` int(30) NOT NULL,
  `payment_type` tinyint(1) NOT NULL DEFAULT 1 COMMENT '1=Free,payable',
  `amount` double NOT NULL DEFAULT 0,
  `banner` text NOT NULL,
  `date_created` datetime NOT NULL
) ENGINE=InnoDB DEFAULT CHARSET=utf8mb4;

--
-- Dumping data for table `events`
--

INSERT INTO `events` (`id`, `venue_id`, `event`, `description`, `schedule`, `type`, `audience_capacity`, `payment_type`, `amount`, `banner`, `date_created`) VALUES
(1, 1, 'Poly Robots', '&lt;p&gt;&lt;/p&gt;&lt;h2 style=&quot;-webkit-tap-highlight-color: rgba(0, 0, 0, 0); margin-top: 1.5em; margin-bottom: 1.5em; line-height: 1.5; animation: 1000ms linear 0s 1 normal none running fadeInLorem;&quot;&gt;&lt;b style=&quot;-webkit-tap-highlight-color: rgba(0, 0, 0, 0); margin-top: 1.5em; margin-bottom: 1.5em; line-height: 1.5; animation: 1000ms linear 0s 1 normal none running fadeInLorem;&quot;&gt;Sample Header&lt;/b&gt;&lt;/h2&gt;&lt;p style=&quot;-webkit-tap-highlight-color: rgba(0, 0, 0, 0); margin-top: 1.5em; margin-bottom: 1.5em; line-height: 1.5; animation: 1000ms linear 0s 1 normal none running fadeInLorem;&quot;&gt;&lt;b style=&quot;-webkit-tap-highlight-color: rgba(0, 0, 0, 0); margin-top: 1.5em; margin-bottom: 1.5em; line-height: 1.5; animation: 1000ms linear 0s 1 normal none running fadeInLorem;&quot;&gt;Lorem ipsum dolor sit amet, consectetur adipiscing elit, sed do eiusmod tempor incididunt ut labore et dolore magna aliqua. Non diam phasellus vestibulum lorem. Vel elit scelerisque mauris pellentesque pulvinar pellentesque. Fames ac turpis egestas integer eget. Nam at lectus urna duis convallis convallis tellus. Turpis tincidunt id aliquet risus. Turpis tincidunt id aliquet risus feugiat in ante metus. Ut porttitor leo a diam sollicitudin tempor id eu nisl. Sit amet tellus cras adipiscing enim eu turpis. Ultricies mi eget mauris pharetra et ultrices neque.&lt;/b&gt;&lt;/p&gt;&lt;h3 style=&quot;-webkit-tap-highlight-color: rgba(0, 0, 0, 0); margin-top: 1.5em; margin-bottom: 1.5em; line-height: 1.5; animation: 1000ms linear 0s 1 normal none running fadeInLorem;&quot;&gt;&lt;b style=&quot;-webkit-tap-highlight-color: rgba(0, 0, 0, 0); margin-top: 1.5em; margin-bottom: 1.5em; line-height: 1.5; animation: 1000ms linear 0s 1 normal none running fadeInLorem;&quot;&gt;Headere 3&lt;/b&gt;&lt;/h3&gt;&lt;p style=&quot;text-align: center; -webkit-tap-highlight-color: rgba(0, 0, 0, 0); margin-top: 1.5em; margin-bottom: 1.5em; line-height: 1.5; animation: 1000ms linear 0s 1 normal none running fadeInLorem;&quot;&gt;Magna etiam tempor orci eu lobortis elementum nibh. Quis eleifend quam adipiscing vitae proin sagittis nisl rhoncus mattis. Gravida cum sociis natoque penatibus et magnis. Mi ipsum faucibus vitae aliquet nec ullamcorper sit. Malesuada bibendum arcu vitae elementum curabitur vitae nunc sed velit. Tincidunt id aliquet risus feugiat in ante. Elementum facilisis leo vel fringilla est ullamcorper eget. Id semper risus in hendrerit gravida rutrum. Aliquam vestibulum morbi blandit cursus risus at ultrices mi. Elementum pulvinar etiam non quam lacus suspendisse faucibus. Ultrices eros in cursus turpis massa tincidunt dui ut ornare. Pretium vulputate sapien nec sagittis. Lectus sit amet est placerat in egestas erat imperdiet sed. Auctor elit sed vulputate mi. Eget est lorem ipsum dolor sit amet consectetur. Tristique magna sit amet purus gravida quis. In arcu cursus euismod quis viverra nibh cras pulvinar mattis.&lt;/p&gt;&lt;p style=&quot;-webkit-tap-highlight-color: rgba(0, 0, 0, 0); margin-top: 1.5em; margin-bottom: 1.5em; line-height: 1.5; animation: 1000ms linear 0s 1 normal none running fadeInLorem;&quot;&gt;Luctus accumsan tortor posuere ac ut. Fames ac turpis egestas maecenas pharetra convallis posuere morbi. Arcu felis bibendum ut tristique et egestas. Mauris in aliquam sem fringilla ut morbi. Lobortis elementum nibh tellus molestie nunc non blandit massa. Curabitur gravida arcu ac tortor dignissim convallis aenean. Libero enim sed faucibus turpis in eu mi bibendum. Neque egestas congue quisque egestas diam in arcu cursus. Diam phasellus vestibulum lorem sed risus ultricies. Semper feugiat nibh sed pulvinar proin gravida hendrerit lectus a. Volutpat lacus laoreet non curabitur gravida arcu ac. Elementum tempus egestas sed sed risus pretium quam. Diam maecenas ultricies mi eget mauris pharetra et. Venenatis cras sed felis eget velit aliquet sagittis. Arcu dictum varius duis at consectetur lorem donec massa sapien. Ullamcorper velit sed ullamcorper morbi tincidunt ornare.&lt;/p&gt;&lt;p style=&quot;-webkit-tap-highlight-color: rgba(0, 0, 0, 0); margin-top: 1.5em; margin-bottom: 1.5em; line-height: 1.5; animation: 1000ms linear 0s 1 normal none running fadeInLorem;&quot;&gt;Tempus iaculis urna id volutpat lacus laoreet. Auctor neque vitae tempus quam pellentesque nec nam. Eget nunc lobortis mattis aliquam faucibus purus. Amet nisl suscipit adipiscing bibendum est ultricies integer quis. Donec ac odio tempor orci dapibus ultrices in. Varius sit amet mattis vulputate. Ornare massa eget egestas purus. Pellentesque dignissim enim sit amet venenatis. Blandit massa enim nec dui nunc mattis enim ut tellus. Habitant morbi tristique senectus et netus et. Blandit volutpat maecenas volutpat blandit aliquam etiam erat velit scelerisque. Facilisis magna etiam tempor orci eu lobortis elementum nibh. Feugiat nibh sed pulvinar proin gravida hendrerit lectus a. Euismod elementum nisi quis eleifend quam. Convallis convallis tellus id interdum velit laoreet id. Pulvinar mattis nunc sed blandit libero volutpat sed cras ornare.&lt;/p&gt;&lt;p style=&quot;-webkit-tap-highlight-color: rgba(0, 0, 0, 0); margin-top: 1.5em; margin-bottom: 1.5em; line-height: 1.5; animation: 1000ms linear 0s 1 normal none running fadeInLorem;&quot;&gt;Neque gravida in fermentum et. Amet nulla facilisi morbi tempus iaculis urna id volutpat. Id diam vel quam elementum pulvinar etiam non quam lacus. Mauris commodo quis imperdiet massa. Pulvinar mattis nunc sed blandit libero volutpat. Suspendisse faucibus interdum posuere lorem. Nunc pulvinar sapien et ligula ullamcorper malesuada proin libero. Blandit cursus risus at ultrices mi tempus imperdiet nulla. Eget velit aliquet sagittis id consectetur purus. Quis lectus nulla at volutpat diam ut venenatis tellus. Nunc mattis enim ut tellus elementum.&lt;/p&gt;&lt;p&gt;&lt;/p&gt;', '2023-03-08 15:00:00', 1, 500, 2, 500, '1672571280_robotique4.jpg', '0000-00-00 00:00:00'),
(2, 2, 'Blood Donation', '&lt;p&gt;Lorem ipsum dolor sit amet, viris eleifend convenire mei te, ei mea probo cotidieque? Pri gloriatur disputationi vituperatoribus ex, dolorum disputationi quo te! Cibo reque postea te his, mea quis oportere ei. Qui ut vide idque minimum, aeterno laoreet consetetur mei in. Mel stet audiam omittantur cu!&lt;/p&gt;&lt;p&gt;&lt;br&gt;&lt;/p&gt;&lt;p&gt;Dictas meliore eos ea, iusto libris volumus mel ut. Sea id exerci ignota expetenda, cum ei nostro eirmod apeirian. Est luptatum liberavisse cu, cu quo stet veniam. Mei causae honestatis ad, esse fugit laudem qui ex, eu duo choro quaestio. Scripta appetere cu vim, agam nulla percipit duo ei.&lt;/p&gt;&lt;p&gt;&lt;br&gt;&lt;/p&gt;&lt;p&gt;Per in sanctus instructior. No prompta instructior duo, per no mucius deterruisset, sumo munere delenit vix ut? Mea ut idque lorem assum, eum et idque dissentias. Choro tempor per ex, at duo fuisset maiestatis! Has in voluptaria vituperata, at erat vituperata est, autem prompta appetere in per!&lt;/p&gt;', '2023-02-14 18:00:00', 1, 500, 1, 0, '1672581240_blooddonation.jpg', '0000-00-00 00:00:00'),
(3, 4, 'Pyjama Party', 'Pyjama party', '2023-04-12 20:00:00', 2, 300, 2, 100, '1672581720_pyjamaparty.png', '0000-00-00 00:00:00'),
(4, 5, 'randonnee', 'ffff', '2023-01-27 14:29:00', 2, 50, 2, 0, '1672752600_poly.jpg', '0000-00-00 00:00:00');

-- --------------------------------------------------------

--
-- Table structure for table `system_settings`
--

CREATE TABLE `system_settings` (
  `id` int(30) NOT NULL,
  `name` text NOT NULL,
  `email` varchar(200) NOT NULL,
  `contact` varchar(20) NOT NULL,
  `cover_img` text NOT NULL,
  `about_content` text NOT NULL
) ENGINE=InnoDB DEFAULT CHARSET=utf8mb4;

--
-- Dumping data for table `system_settings`
--

INSERT INTO `system_settings` (`id`, `name`, `email`, `contact`, `cover_img`, `about_content`) VALUES
(1, ' EPS Event Management System', 'contact@polytecsousse.tn', ' (+216) 99 277 877 ', 'poly.jpg', '&lt;p style=&quot;text-align: center; background: transparent; position: relative;&quot;&gt;&lt;span style=&quot;color: rgb(0, 0, 0); font-family: &amp;quot;Open Sans&amp;quot;, Arial, sans-serif; font-weight: 400; text-align: justify;&quot;&gt;&amp;nbsp;is simply dummy text of the printing and typesetting industry. Lorem Ipsum has been the industry&rsquo;s standard dummy text ever since the 1500s, when an unknown printer took a galley of type and scrambled it to make a type specimen book. It has survived not only five centuries, but also the leap into electronic typesetting, remaining essentially unchanged. It was popularised in the 1960s with the release of Letraset sheets containing Lorem Ipsum passages, and more recently with desktop publishing software like Aldus PageMaker including versions of Lorem Ipsum.&lt;/span&gt;&lt;br&gt;&lt;/p&gt;&lt;p style=&quot;text-align: center; background: transparent; position: relative;&quot;&gt;&lt;br&gt;&lt;/p&gt;&lt;p style=&quot;text-align: center; background: transparent; position: relative;&quot;&gt;&lt;br&gt;&lt;/p&gt;&lt;p&gt;&lt;/p&gt;');

-- --------------------------------------------------------

--
-- Table structure for table `users`
--

CREATE TABLE `users` (
  `id` int(30) NOT NULL,
  `name` text NOT NULL,
  `username` varchar(200) NOT NULL,
  `password` text NOT NULL,
  `type` tinyint(1) NOT NULL DEFAULT 2 COMMENT '1=Admin,2=Staff'
) ENGINE=InnoDB DEFAULT CHARSET=utf8mb4;

--
-- Dumping data for table `users`
--

INSERT INTO `users` (`id`, `name`, `username`, `password`, `type`) VALUES
(1, 'Administrator', 'admin', '0192023a7bbd73250516f069df18b500', 1);

-- --------------------------------------------------------

--
-- Table structure for table `venue`
--

CREATE TABLE `venue` (
  `id` int(30) NOT NULL,
  `venue` text NOT NULL,
  `address` text NOT NULL,
  `description` text NOT NULL,
  `rate` float NOT NULL
) ENGINE=InnoDB DEFAULT CHARSET=utf8mb4;

--
-- Dumping data for table `venue`
--

INSERT INTO `venue` (`id`, `venue`, `address`, `description`, `rate`) VALUES
(1, 'Amphi A', 'Amphi A', 'Duis aute irure dolor in reprehenderit in voluptate velit esse cillum dolore eu fugiat nulla pariatur. Excepteur sint occaecat cupidatat non proident, sunt in culpa qui officia deserunt mollit anim id est laborum.', 300),
(2, 'Apmhi B', 'Amphi B', 'Ut enim ad minim veniam, quis nostrud exercitation ullamco laboris nisi ut aliquip ex ea commodo consequat.', 250),
(3, 'cours', 'Plein air', 'Lorem ipsum dolor sit amet, id has nostro vivendo, id per alii volutpat inciderint? Graece ornatus gubergren te quo, qui at oblique accusamus, id pro eros etiam conceptam! Ullum clita.', 280),
(4, 'Buvette', 'couverte', 'Lorem ipsum dolor sit amet, id has nostro vivendo, id per alii volutpat inciderint? Graece ornatus gubergren te quo, qui at oblique accusamus, id pro eros etiam conceptam! Ullum clita.', 1000),
(5, 'outdoors', 'beja', 'ff', 0);

-- --------------------------------------------------------

--
-- Table structure for table `venue_booking`
--

CREATE TABLE `venue_booking` (
  `id` int(30) NOT NULL,
  `name` text NOT NULL,
  `address` text NOT NULL,
  `email` varchar(100) NOT NULL,
  `contact` varchar(100) NOT NULL,
  `venue_id` int(30) NOT NULL,
  `duration` varchar(100) NOT NULL,
  `datetime` datetime NOT NULL,
  `status` tinyint(1) NOT NULL DEFAULT 0 COMMENT '0-for verification,1=confirmed,2=canceled'
) ENGINE=InnoDB DEFAULT CHARSET=utf8mb4;

--
-- Dumping data for table `venue_booking`
--

INSERT INTO `venue_booking` (`id`, `name`, `address`, `email`, `contact`, `venue_id`, `duration`, `datetime`, `status`) VALUES
(1, 'Salah Jamel', 'Sousse', 'salah@gmail.com', '55322475', 2, '2 hours', '2020-10-14 17:00:00', 1),
(2, 'mohamed', 'beja', 'mohamed@gmail.com', '22444555', 5, '2', '0000-00-00 00:00:00', 0);

--
-- Indexes for dumped tables
--

--
-- Indexes for table `audience`
--
ALTER TABLE `audience`
  ADD PRIMARY KEY (`id`);

--
-- Indexes for table `events`
--
ALTER TABLE `events`
  ADD PRIMARY KEY (`id`);

--
-- Indexes for table `system_settings`
--
ALTER TABLE `system_settings`
  ADD PRIMARY KEY (`id`);

--
-- Indexes for table `users`
--
ALTER TABLE `users`
  ADD PRIMARY KEY (`id`);

--
-- Indexes for table `venue`
--
ALTER TABLE `venue`
  ADD PRIMARY KEY (`id`);

--
-- Indexes for table `venue_booking`
--
ALTER TABLE `venue_booking`
  ADD PRIMARY KEY (`id`);

--
-- AUTO_INCREMENT for dumped tables
--

--
-- AUTO_INCREMENT for table `audience`
--
ALTER TABLE `audience`
  MODIFY `id` int(11) NOT NULL AUTO_INCREMENT, AUTO_INCREMENT=5;

--
-- AUTO_INCREMENT for table `events`
--
ALTER TABLE `events`
  MODIFY `id` int(30) NOT NULL AUTO_INCREMENT, AUTO_INCREMENT=5;

--
-- AUTO_INCREMENT for table `system_settings`
--
ALTER TABLE `system_settings`
  MODIFY `id` int(30) NOT NULL AUTO_INCREMENT, AUTO_INCREMENT=2;

--
-- AUTO_INCREMENT for table `users`
--
ALTER TABLE `users`
  MODIFY `id` int(30) NOT NULL AUTO_INCREMENT, AUTO_INCREMENT=2;

--
-- AUTO_INCREMENT for table `venue`
--
ALTER TABLE `venue`
  MODIFY `id` int(30) NOT NULL AUTO_INCREMENT, AUTO_INCREMENT=6;

--
-- AUTO_INCREMENT for table `venue_booking`
--
ALTER TABLE `venue_booking`
  MODIFY `id` int(30) NOT NULL AUTO_INCREMENT, AUTO_INCREMENT=3;
--
-- Database: `phpmyadmin`
--
CREATE DATABASE IF NOT EXISTS `phpmyadmin` DEFAULT CHARACTER SET utf8 COLLATE utf8_bin;
USE `phpmyadmin`;

-- --------------------------------------------------------

--
-- Table structure for table `pma__bookmark`
--

CREATE TABLE `pma__bookmark` (
  `id` int(10) UNSIGNED NOT NULL,
  `dbase` varchar(255) COLLATE utf8_bin NOT NULL DEFAULT '',
  `user` varchar(255) COLLATE utf8_bin NOT NULL DEFAULT '',
  `label` varchar(255) CHARACTER SET utf8 NOT NULL DEFAULT '',
  `query` text COLLATE utf8_bin NOT NULL
) ENGINE=InnoDB DEFAULT CHARSET=utf8 COLLATE=utf8_bin COMMENT='Bookmarks';

-- --------------------------------------------------------

--
-- Table structure for table `pma__central_columns`
--

CREATE TABLE `pma__central_columns` (
  `db_name` varchar(64) COLLATE utf8_bin NOT NULL,
  `col_name` varchar(64) COLLATE utf8_bin NOT NULL,
  `col_type` varchar(64) COLLATE utf8_bin NOT NULL,
  `col_length` text COLLATE utf8_bin DEFAULT NULL,
  `col_collation` varchar(64) COLLATE utf8_bin NOT NULL,
  `col_isNull` tinyint(1) NOT NULL,
  `col_extra` varchar(255) COLLATE utf8_bin DEFAULT '',
  `col_default` text COLLATE utf8_bin DEFAULT NULL
) ENGINE=InnoDB DEFAULT CHARSET=utf8 COLLATE=utf8_bin COMMENT='Central list of columns';

-- --------------------------------------------------------

--
-- Table structure for table `pma__column_info`
--

CREATE TABLE `pma__column_info` (
  `id` int(5) UNSIGNED NOT NULL,
  `db_name` varchar(64) COLLATE utf8_bin NOT NULL DEFAULT '',
  `table_name` varchar(64) COLLATE utf8_bin NOT NULL DEFAULT '',
  `column_name` varchar(64) COLLATE utf8_bin NOT NULL DEFAULT '',
  `comment` varchar(255) CHARACTER SET utf8 NOT NULL DEFAULT '',
  `mimetype` varchar(255) CHARACTER SET utf8 NOT NULL DEFAULT '',
  `transformation` varchar(255) COLLATE utf8_bin NOT NULL DEFAULT '',
  `transformation_options` varchar(255) COLLATE utf8_bin NOT NULL DEFAULT '',
  `input_transformation` varchar(255) COLLATE utf8_bin NOT NULL DEFAULT '',
  `input_transformation_options` varchar(255) COLLATE utf8_bin NOT NULL DEFAULT ''
) ENGINE=InnoDB DEFAULT CHARSET=utf8 COLLATE=utf8_bin COMMENT='Column information for phpMyAdmin';

-- --------------------------------------------------------

--
-- Table structure for table `pma__designer_settings`
--

CREATE TABLE `pma__designer_settings` (
  `username` varchar(64) COLLATE utf8_bin NOT NULL,
  `settings_data` text COLLATE utf8_bin NOT NULL
) ENGINE=InnoDB DEFAULT CHARSET=utf8 COLLATE=utf8_bin COMMENT='Settings related to Designer';

-- --------------------------------------------------------

--
-- Table structure for table `pma__export_templates`
--

CREATE TABLE `pma__export_templates` (
  `id` int(5) UNSIGNED NOT NULL,
  `username` varchar(64) COLLATE utf8_bin NOT NULL,
  `export_type` varchar(10) COLLATE utf8_bin NOT NULL,
  `template_name` varchar(64) COLLATE utf8_bin NOT NULL,
  `template_data` text COLLATE utf8_bin NOT NULL
) ENGINE=InnoDB DEFAULT CHARSET=utf8 COLLATE=utf8_bin COMMENT='Saved export templates';

-- --------------------------------------------------------

--
-- Table structure for table `pma__favorite`
--

CREATE TABLE `pma__favorite` (
  `username` varchar(64) COLLATE utf8_bin NOT NULL,
  `tables` text COLLATE utf8_bin NOT NULL
) ENGINE=InnoDB DEFAULT CHARSET=utf8 COLLATE=utf8_bin COMMENT='Favorite tables';

-- --------------------------------------------------------

--
-- Table structure for table `pma__history`
--

CREATE TABLE `pma__history` (
  `id` bigint(20) UNSIGNED NOT NULL,
  `username` varchar(64) COLLATE utf8_bin NOT NULL DEFAULT '',
  `db` varchar(64) COLLATE utf8_bin NOT NULL DEFAULT '',
  `table` varchar(64) COLLATE utf8_bin NOT NULL DEFAULT '',
  `timevalue` timestamp NOT NULL DEFAULT current_timestamp(),
  `sqlquery` text COLLATE utf8_bin NOT NULL
) ENGINE=InnoDB DEFAULT CHARSET=utf8 COLLATE=utf8_bin COMMENT='SQL history for phpMyAdmin';

-- --------------------------------------------------------

--
-- Table structure for table `pma__navigationhiding`
--

CREATE TABLE `pma__navigationhiding` (
  `username` varchar(64) COLLATE utf8_bin NOT NULL,
  `item_name` varchar(64) COLLATE utf8_bin NOT NULL,
  `item_type` varchar(64) COLLATE utf8_bin NOT NULL,
  `db_name` varchar(64) COLLATE utf8_bin NOT NULL,
  `table_name` varchar(64) COLLATE utf8_bin NOT NULL
) ENGINE=InnoDB DEFAULT CHARSET=utf8 COLLATE=utf8_bin COMMENT='Hidden items of navigation tree';

-- --------------------------------------------------------

--
-- Table structure for table `pma__pdf_pages`
--

CREATE TABLE `pma__pdf_pages` (
  `db_name` varchar(64) COLLATE utf8_bin NOT NULL DEFAULT '',
  `page_nr` int(10) UNSIGNED NOT NULL,
  `page_descr` varchar(50) CHARACTER SET utf8 NOT NULL DEFAULT ''
) ENGINE=InnoDB DEFAULT CHARSET=utf8 COLLATE=utf8_bin COMMENT='PDF relation pages for phpMyAdmin';

-- --------------------------------------------------------

--
-- Table structure for table `pma__recent`
--

CREATE TABLE `pma__recent` (
  `username` varchar(64) COLLATE utf8_bin NOT NULL,
  `tables` text COLLATE utf8_bin NOT NULL
) ENGINE=InnoDB DEFAULT CHARSET=utf8 COLLATE=utf8_bin COMMENT='Recently accessed tables';

--
-- Dumping data for table `pma__recent`
--

INSERT INTO `pma__recent` (`username`, `tables`) VALUES
('root', '[{\"db\":\"projectdb1\",\"table\":\"user\"},{\"db\":\"projectdb1\",\"table\":\"categorie\"},{\"db\":\"project1\",\"table\":\"category\"},{\"db\":\"project1\",\"table\":\"article\"},{\"db\":\"project1\",\"table\":\"image\"},{\"db\":\"db_jobb\",\"table\":\"user\"},{\"db\":\"db_jobb\",\"table\":\"image\"},{\"db\":\"db_jobb\",\"table\":\"category\"},{\"db\":\"db_jobb\",\"table\":\"article\"},{\"db\":\"project1\",\"table\":\"doctrine_migration_versions\"}]');

-- --------------------------------------------------------

--
-- Table structure for table `pma__relation`
--

CREATE TABLE `pma__relation` (
  `master_db` varchar(64) COLLATE utf8_bin NOT NULL DEFAULT '',
  `master_table` varchar(64) COLLATE utf8_bin NOT NULL DEFAULT '',
  `master_field` varchar(64) COLLATE utf8_bin NOT NULL DEFAULT '',
  `foreign_db` varchar(64) COLLATE utf8_bin NOT NULL DEFAULT '',
  `foreign_table` varchar(64) COLLATE utf8_bin NOT NULL DEFAULT '',
  `foreign_field` varchar(64) COLLATE utf8_bin NOT NULL DEFAULT ''
) ENGINE=InnoDB DEFAULT CHARSET=utf8 COLLATE=utf8_bin COMMENT='Relation table';

-- --------------------------------------------------------

--
-- Table structure for table `pma__savedsearches`
--

CREATE TABLE `pma__savedsearches` (
  `id` int(5) UNSIGNED NOT NULL,
  `username` varchar(64) COLLATE utf8_bin NOT NULL DEFAULT '',
  `db_name` varchar(64) COLLATE utf8_bin NOT NULL DEFAULT '',
  `search_name` varchar(64) COLLATE utf8_bin NOT NULL DEFAULT '',
  `search_data` text COLLATE utf8_bin NOT NULL
) ENGINE=InnoDB DEFAULT CHARSET=utf8 COLLATE=utf8_bin COMMENT='Saved searches';

-- --------------------------------------------------------

--
-- Table structure for table `pma__table_coords`
--

CREATE TABLE `pma__table_coords` (
  `db_name` varchar(64) COLLATE utf8_bin NOT NULL DEFAULT '',
  `table_name` varchar(64) COLLATE utf8_bin NOT NULL DEFAULT '',
  `pdf_page_number` int(11) NOT NULL DEFAULT 0,
  `x` float UNSIGNED NOT NULL DEFAULT 0,
  `y` float UNSIGNED NOT NULL DEFAULT 0
) ENGINE=InnoDB DEFAULT CHARSET=utf8 COLLATE=utf8_bin COMMENT='Table coordinates for phpMyAdmin PDF output';

-- --------------------------------------------------------

--
-- Table structure for table `pma__table_info`
--

CREATE TABLE `pma__table_info` (
  `db_name` varchar(64) COLLATE utf8_bin NOT NULL DEFAULT '',
  `table_name` varchar(64) COLLATE utf8_bin NOT NULL DEFAULT '',
  `display_field` varchar(64) COLLATE utf8_bin NOT NULL DEFAULT ''
) ENGINE=InnoDB DEFAULT CHARSET=utf8 COLLATE=utf8_bin COMMENT='Table information for phpMyAdmin';

-- --------------------------------------------------------

--
-- Table structure for table `pma__table_uiprefs`
--

CREATE TABLE `pma__table_uiprefs` (
  `username` varchar(64) COLLATE utf8_bin NOT NULL,
  `db_name` varchar(64) COLLATE utf8_bin NOT NULL,
  `table_name` varchar(64) COLLATE utf8_bin NOT NULL,
  `prefs` text COLLATE utf8_bin NOT NULL,
  `last_update` timestamp NOT NULL DEFAULT current_timestamp() ON UPDATE current_timestamp()
) ENGINE=InnoDB DEFAULT CHARSET=utf8 COLLATE=utf8_bin COMMENT='Tables'' UI preferences';

-- --------------------------------------------------------

--
-- Table structure for table `pma__tracking`
--

CREATE TABLE `pma__tracking` (
  `db_name` varchar(64) COLLATE utf8_bin NOT NULL,
  `table_name` varchar(64) COLLATE utf8_bin NOT NULL,
  `version` int(10) UNSIGNED NOT NULL,
  `date_created` datetime NOT NULL,
  `date_updated` datetime NOT NULL,
  `schema_snapshot` text COLLATE utf8_bin NOT NULL,
  `schema_sql` text COLLATE utf8_bin DEFAULT NULL,
  `data_sql` longtext COLLATE utf8_bin DEFAULT NULL,
  `tracking` set('UPDATE','REPLACE','INSERT','DELETE','TRUNCATE','CREATE DATABASE','ALTER DATABASE','DROP DATABASE','CREATE TABLE','ALTER TABLE','RENAME TABLE','DROP TABLE','CREATE INDEX','DROP INDEX','CREATE VIEW','ALTER VIEW','DROP VIEW') COLLATE utf8_bin DEFAULT NULL,
  `tracking_active` int(1) UNSIGNED NOT NULL DEFAULT 1
) ENGINE=InnoDB DEFAULT CHARSET=utf8 COLLATE=utf8_bin COMMENT='Database changes tracking for phpMyAdmin';

-- --------------------------------------------------------

--
-- Table structure for table `pma__userconfig`
--

CREATE TABLE `pma__userconfig` (
  `username` varchar(64) COLLATE utf8_bin NOT NULL,
  `timevalue` timestamp NOT NULL DEFAULT current_timestamp() ON UPDATE current_timestamp(),
  `config_data` text COLLATE utf8_bin NOT NULL
) ENGINE=InnoDB DEFAULT CHARSET=utf8 COLLATE=utf8_bin COMMENT='User preferences storage for phpMyAdmin';

--
-- Dumping data for table `pma__userconfig`
--

INSERT INTO `pma__userconfig` (`username`, `timevalue`, `config_data`) VALUES
('root', '2023-01-06 23:14:19', '{\"Console\\/Mode\":\"collapse\",\"NavigationWidth\":185}');

-- --------------------------------------------------------

--
-- Table structure for table `pma__usergroups`
--

CREATE TABLE `pma__usergroups` (
  `usergroup` varchar(64) COLLATE utf8_bin NOT NULL,
  `tab` varchar(64) COLLATE utf8_bin NOT NULL,
  `allowed` enum('Y','N') COLLATE utf8_bin NOT NULL DEFAULT 'N'
) ENGINE=InnoDB DEFAULT CHARSET=utf8 COLLATE=utf8_bin COMMENT='User groups with configured menu items';

-- --------------------------------------------------------

--
-- Table structure for table `pma__users`
--

CREATE TABLE `pma__users` (
  `username` varchar(64) COLLATE utf8_bin NOT NULL,
  `usergroup` varchar(64) COLLATE utf8_bin NOT NULL
) ENGINE=InnoDB DEFAULT CHARSET=utf8 COLLATE=utf8_bin COMMENT='Users and their assignments to user groups';

--
-- Indexes for dumped tables
--

--
-- Indexes for table `pma__bookmark`
--
ALTER TABLE `pma__bookmark`
  ADD PRIMARY KEY (`id`);

--
-- Indexes for table `pma__central_columns`
--
ALTER TABLE `pma__central_columns`
  ADD PRIMARY KEY (`db_name`,`col_name`);

--
-- Indexes for table `pma__column_info`
--
ALTER TABLE `pma__column_info`
  ADD PRIMARY KEY (`id`),
  ADD UNIQUE KEY `db_name` (`db_name`,`table_name`,`column_name`);

--
-- Indexes for table `pma__designer_settings`
--
ALTER TABLE `pma__designer_settings`
  ADD PRIMARY KEY (`username`);

--
-- Indexes for table `pma__export_templates`
--
ALTER TABLE `pma__export_templates`
  ADD PRIMARY KEY (`id`),
  ADD UNIQUE KEY `u_user_type_template` (`username`,`export_type`,`template_name`);

--
-- Indexes for table `pma__favorite`
--
ALTER TABLE `pma__favorite`
  ADD PRIMARY KEY (`username`);

--
-- Indexes for table `pma__history`
--
ALTER TABLE `pma__history`
  ADD PRIMARY KEY (`id`),
  ADD KEY `username` (`username`,`db`,`table`,`timevalue`);

--
-- Indexes for table `pma__navigationhiding`
--
ALTER TABLE `pma__navigationhiding`
  ADD PRIMARY KEY (`username`,`item_name`,`item_type`,`db_name`,`table_name`);

--
-- Indexes for table `pma__pdf_pages`
--
ALTER TABLE `pma__pdf_pages`
  ADD PRIMARY KEY (`page_nr`),
  ADD KEY `db_name` (`db_name`);

--
-- Indexes for table `pma__recent`
--
ALTER TABLE `pma__recent`
  ADD PRIMARY KEY (`username`);

--
-- Indexes for table `pma__relation`
--
ALTER TABLE `pma__relation`
  ADD PRIMARY KEY (`master_db`,`master_table`,`master_field`),
  ADD KEY `foreign_field` (`foreign_db`,`foreign_table`);

--
-- Indexes for table `pma__savedsearches`
--
ALTER TABLE `pma__savedsearches`
  ADD PRIMARY KEY (`id`),
  ADD UNIQUE KEY `u_savedsearches_username_dbname` (`username`,`db_name`,`search_name`);

--
-- Indexes for table `pma__table_coords`
--
ALTER TABLE `pma__table_coords`
  ADD PRIMARY KEY (`db_name`,`table_name`,`pdf_page_number`);

--
-- Indexes for table `pma__table_info`
--
ALTER TABLE `pma__table_info`
  ADD PRIMARY KEY (`db_name`,`table_name`);

--
-- Indexes for table `pma__table_uiprefs`
--
ALTER TABLE `pma__table_uiprefs`
  ADD PRIMARY KEY (`username`,`db_name`,`table_name`);

--
-- Indexes for table `pma__tracking`
--
ALTER TABLE `pma__tracking`
  ADD PRIMARY KEY (`db_name`,`table_name`,`version`);

--
-- Indexes for table `pma__userconfig`
--
ALTER TABLE `pma__userconfig`
  ADD PRIMARY KEY (`username`);

--
-- Indexes for table `pma__usergroups`
--
ALTER TABLE `pma__usergroups`
  ADD PRIMARY KEY (`usergroup`,`tab`,`allowed`);

--
-- Indexes for table `pma__users`
--
ALTER TABLE `pma__users`
  ADD PRIMARY KEY (`username`,`usergroup`);

--
-- AUTO_INCREMENT for dumped tables
--

--
-- AUTO_INCREMENT for table `pma__bookmark`
--
ALTER TABLE `pma__bookmark`
  MODIFY `id` int(10) UNSIGNED NOT NULL AUTO_INCREMENT;

--
-- AUTO_INCREMENT for table `pma__column_info`
--
ALTER TABLE `pma__column_info`
  MODIFY `id` int(5) UNSIGNED NOT NULL AUTO_INCREMENT;

--
-- AUTO_INCREMENT for table `pma__export_templates`
--
ALTER TABLE `pma__export_templates`
  MODIFY `id` int(5) UNSIGNED NOT NULL AUTO_INCREMENT;

--
-- AUTO_INCREMENT for table `pma__history`
--
ALTER TABLE `pma__history`
  MODIFY `id` bigint(20) UNSIGNED NOT NULL AUTO_INCREMENT;

--
-- AUTO_INCREMENT for table `pma__pdf_pages`
--
ALTER TABLE `pma__pdf_pages`
  MODIFY `page_nr` int(10) UNSIGNED NOT NULL AUTO_INCREMENT;

--
-- AUTO_INCREMENT for table `pma__savedsearches`
--
ALTER TABLE `pma__savedsearches`
  MODIFY `id` int(5) UNSIGNED NOT NULL AUTO_INCREMENT;
--
-- Database: `polytech`
--
CREATE DATABASE IF NOT EXISTS `polytech` DEFAULT CHARACTER SET utf8mb4 COLLATE utf8mb4_general_ci;
USE `polytech`;

-- --------------------------------------------------------

--
-- Table structure for table `candidature`
--

CREATE TABLE `candidature` (
  `id` int(11) NOT NULL,
  `job_id` int(11) NOT NULL,
  `candidat` varchar(255) COLLATE utf8mb4_unicode_ci NOT NULL,
  `contenu` longtext COLLATE utf8mb4_unicode_ci NOT NULL,
  `datec` datetime DEFAULT NULL
) ENGINE=InnoDB DEFAULT CHARSET=utf8mb4 COLLATE=utf8mb4_unicode_ci;

--
-- Dumping data for table `candidature`
--

INSERT INTO `candidature` (`id`, `job_id`, `candidat`, `contenu`, `datec`) VALUES
(1, 13, 'Rihem', 'Formation J2EE', '2022-11-15 10:28:10'),
(2, 13, 'Ameny', 'Formation J2EE', '2022-11-15 10:28:10');

-- --------------------------------------------------------

--
-- Table structure for table `doctrine_migration_versions`
--

CREATE TABLE `doctrine_migration_versions` (
  `version` varchar(191) COLLATE utf8_unicode_ci NOT NULL,
  `executed_at` datetime DEFAULT NULL,
  `execution_time` int(11) DEFAULT NULL
) ENGINE=InnoDB DEFAULT CHARSET=utf8 COLLATE=utf8_unicode_ci;

--
-- Dumping data for table `doctrine_migration_versions`
--

INSERT INTO `doctrine_migration_versions` (`version`, `executed_at`, `execution_time`) VALUES
('DoctrineMigrations\\Version20221018113538', '2022-10-18 11:36:12', 150);

-- --------------------------------------------------------

--
-- Table structure for table `image`
--

CREATE TABLE `image` (
  `id` int(11) NOT NULL,
  `url` varchar(255) COLLATE utf8mb4_unicode_ci NOT NULL,
  `alt` varchar(255) COLLATE utf8mb4_unicode_ci DEFAULT NULL
) ENGINE=InnoDB DEFAULT CHARSET=utf8mb4 COLLATE=utf8mb4_unicode_ci;

--
-- Dumping data for table `image`
--

INSERT INTO `image` (`id`, `url`, `alt`) VALUES
(1223, 'https://images.pexels.com/photos/531880/pexels-photo-531880.jpeg?cs=srgb&dl=pexels-pixabay-531880.jpg&fm=jpg', 'img'),
(1224, 'https://images.pexels.com/photos/531880/pexels-photo-531880.jpeg?cs=srgb&dl=pexels-pixabay-531880.jpg&fm=jpg', NULL),
(1225, 'https://images.pexels.com/photos/531880/pexels-photo-531880.jpeg?cs=srgb&dl=pexels-pixabay-531880.jpg&fm=jpg', NULL),
(1226, 'https://images.pexels.com/photos/531880/pexels-photo-531880.jpeg?cs=srgb&dl=pexels-pixabay-531880.jpg&fm=jpg', NULL),
(1227, 'https://images.pexels.com/photos/531880/pexels-photo-531880.jpeg?cs=srgb&dl=pexels-pixabay-531880.jpg&fm=jpg', NULL);

-- --------------------------------------------------------

--
-- Table structure for table `job`
--

CREATE TABLE `job` (
  `id` int(11) NOT NULL,
  `type` varchar(255) COLLATE utf8mb4_unicode_ci DEFAULT NULL,
  `company` varchar(255) COLLATE utf8mb4_unicode_ci NOT NULL,
  `description` longtext COLLATE utf8mb4_unicode_ci NOT NULL,
  `expires_at` datetime NOT NULL COMMENT '(DC2Type:datetime_immutable)',
  `email` varchar(255) COLLATE utf8mb4_unicode_ci NOT NULL,
  `image_id` int(11) NOT NULL
) ENGINE=InnoDB DEFAULT CHARSET=utf8mb4 COLLATE=utf8mb4_unicode_ci;

--
-- Dumping data for table `job`
--

INSERT INTO `job` (`id`, `type`, `company`, `description`, `expires_at`, `email`, `image_id`) VALUES
(1, 'Architecte', 'offShoreBox', 'Genie logiciel', '2022-10-25 10:34:44', 'amenyelokb@gmail.com', 1223),
(10, 'Architecte', 'offShoreBox', 'Genie logiciel', '2022-11-01 10:59:09', 'amenyelokb@gmail.com', 1224),
(11, 'Architecte', 'offShoreBox', 'Genie logiciel', '2022-11-01 10:59:14', 'amenyelokb@gmail.com', 1225),
(12, 'Architecte', 'offShoreBox', 'Genie logiciel', '2022-11-01 11:02:44', 'amenyelokb@gmail.com', 1226),
(13, 'Architecte', 'offShoreBox', 'Genie logiciel', '2022-11-15 10:28:10', 'amenyelokb@gmail.com', 1227);

-- --------------------------------------------------------

--
-- Table structure for table `messenger_messages`
--

CREATE TABLE `messenger_messages` (
  `id` bigint(20) NOT NULL,
  `body` longtext COLLATE utf8mb4_unicode_ci NOT NULL,
  `headers` longtext COLLATE utf8mb4_unicode_ci NOT NULL,
  `queue_name` varchar(190) COLLATE utf8mb4_unicode_ci NOT NULL,
  `created_at` datetime NOT NULL,
  `available_at` datetime NOT NULL,
  `delivered_at` datetime DEFAULT NULL
) ENGINE=InnoDB DEFAULT CHARSET=utf8mb4 COLLATE=utf8mb4_unicode_ci;

-- --------------------------------------------------------

--
-- Table structure for table `user`
--

CREATE TABLE `user` (
  `id` int(11) NOT NULL,
  `email` varchar(255) COLLATE utf8mb4_unicode_ci NOT NULL,
  `username` varchar(255) COLLATE utf8mb4_unicode_ci NOT NULL,
  `password` varchar(64) COLLATE utf8mb4_unicode_ci NOT NULL,
  `roles` longtext COLLATE utf8mb4_unicode_ci NOT NULL COMMENT '(DC2Type:array)'
) ENGINE=InnoDB DEFAULT CHARSET=utf8mb4 COLLATE=utf8mb4_unicode_ci;

--
-- Indexes for dumped tables
--

--
-- Indexes for table `candidature`
--
ALTER TABLE `candidature`
  ADD PRIMARY KEY (`id`),
  ADD KEY `IDX_E33BD3B8BE04EA9` (`job_id`);

--
-- Indexes for table `doctrine_migration_versions`
--
ALTER TABLE `doctrine_migration_versions`
  ADD PRIMARY KEY (`version`);

--
-- Indexes for table `image`
--
ALTER TABLE `image`
  ADD PRIMARY KEY (`id`);

--
-- Indexes for table `job`
--
ALTER TABLE `job`
  ADD PRIMARY KEY (`id`),
  ADD UNIQUE KEY `UNIQ_FBD8E0F83DA5256D` (`image_id`);

--
-- Indexes for table `messenger_messages`
--
ALTER TABLE `messenger_messages`
  ADD PRIMARY KEY (`id`),
  ADD KEY `IDX_75EA56E0FB7336F0` (`queue_name`),
  ADD KEY `IDX_75EA56E0E3BD61CE` (`available_at`),
  ADD KEY `IDX_75EA56E016BA31DB` (`delivered_at`);

--
-- Indexes for table `user`
--
ALTER TABLE `user`
  ADD PRIMARY KEY (`id`);

--
-- AUTO_INCREMENT for dumped tables
--

--
-- AUTO_INCREMENT for table `candidature`
--
ALTER TABLE `candidature`
  MODIFY `id` int(11) NOT NULL AUTO_INCREMENT, AUTO_INCREMENT=3;

--
-- AUTO_INCREMENT for table `image`
--
ALTER TABLE `image`
  MODIFY `id` int(11) NOT NULL AUTO_INCREMENT, AUTO_INCREMENT=1228;

--
-- AUTO_INCREMENT for table `job`
--
ALTER TABLE `job`
  MODIFY `id` int(11) NOT NULL AUTO_INCREMENT, AUTO_INCREMENT=14;

--
-- AUTO_INCREMENT for table `messenger_messages`
--
ALTER TABLE `messenger_messages`
  MODIFY `id` bigint(20) NOT NULL AUTO_INCREMENT;

--
-- AUTO_INCREMENT for table `user`
--
ALTER TABLE `user`
  MODIFY `id` int(11) NOT NULL AUTO_INCREMENT;

--
-- Constraints for dumped tables
--

--
-- Constraints for table `candidature`
--
ALTER TABLE `candidature`
  ADD CONSTRAINT `FK_E33BD3B8BE04EA9` FOREIGN KEY (`job_id`) REFERENCES `job` (`id`);

--
-- Constraints for table `job`
--
ALTER TABLE `job`
  ADD CONSTRAINT `FK_FBD8E0F83DA5256D` FOREIGN KEY (`image_id`) REFERENCES `image` (`id`);
--
-- Database: `projectdb1`
--
CREATE DATABASE IF NOT EXISTS `projectdb1` DEFAULT CHARACTER SET utf8mb4 COLLATE utf8mb4_general_ci;
USE `projectdb1`;

-- --------------------------------------------------------

--
-- Table structure for table `address`
--

CREATE TABLE `address` (
  `id` int(11) NOT NULL,
  `user_id` int(11) NOT NULL,
  `name` varchar(255) COLLATE utf8mb4_unicode_ci NOT NULL,
  `firstname` varchar(255) COLLATE utf8mb4_unicode_ci NOT NULL,
  `lastname` varchar(255) COLLATE utf8mb4_unicode_ci NOT NULL,
  `company` varchar(255) COLLATE utf8mb4_unicode_ci DEFAULT NULL,
  `address` varchar(255) COLLATE utf8mb4_unicode_ci NOT NULL,
  `postal` varchar(255) COLLATE utf8mb4_unicode_ci NOT NULL,
  `city` varchar(255) COLLATE utf8mb4_unicode_ci NOT NULL,
  `country` varchar(255) COLLATE utf8mb4_unicode_ci NOT NULL,
  `phone` varchar(255) COLLATE utf8mb4_unicode_ci NOT NULL
) ENGINE=InnoDB DEFAULT CHARSET=utf8mb4 COLLATE=utf8mb4_unicode_ci;

-- --------------------------------------------------------

--
-- Table structure for table `article`
--

CREATE TABLE `article` (
  `id` int(11) NOT NULL,
  `categorie_id` int(11) DEFAULT NULL,
  `libelle` varchar(255) COLLATE utf8mb4_unicode_ci NOT NULL,
  `is_disponible` tinyint(1) NOT NULL,
  `price` decimal(10,2) NOT NULL,
  `marque` varchar(255) COLLATE utf8mb4_unicode_ci NOT NULL,
  `upload_image` varchar(255) COLLATE utf8mb4_unicode_ci NOT NULL
) ENGINE=InnoDB DEFAULT CHARSET=utf8mb4 COLLATE=utf8mb4_unicode_ci;

--
-- Dumping data for table `article`
--

INSERT INTO `article` (`id`, `categorie_id`, `libelle`, `is_disponible`, `price`, `marque`, `upload_image`) VALUES
(1, 1, 'moteur', 1, '5500.00', 'adidas', '-63b420ebc6ae9.jpg'),
(2, 1, 'amcon', 1, '300.00', 'decathlon', '-63b422e2dc141.jpg'),
(3, 2, 'trimolina', 1, '4400.00', 'tunisien', '-63b42392ce5ee.jpg'),
(4, 2, 'amcon', 1, '4400.00', 'decathlon', '-63b4396c48e30.jpg');

-- --------------------------------------------------------

--
-- Table structure for table `carrier`
--

CREATE TABLE `carrier` (
  `id` int(11) NOT NULL,
  `name` varchar(255) COLLATE utf8mb4_unicode_ci NOT NULL,
  `description` longtext COLLATE utf8mb4_unicode_ci NOT NULL,
  `price` double NOT NULL
) ENGINE=InnoDB DEFAULT CHARSET=utf8mb4 COLLATE=utf8mb4_unicode_ci;

-- --------------------------------------------------------

--
-- Table structure for table `categorie`
--

CREATE TABLE `categorie` (
  `id` int(11) NOT NULL,
  `nom_categorie` varchar(255) COLLATE utf8mb4_unicode_ci NOT NULL
) ENGINE=InnoDB DEFAULT CHARSET=utf8mb4 COLLATE=utf8mb4_unicode_ci;

--
-- Dumping data for table `categorie`
--

INSERT INTO `categorie` (`id`, `nom_categorie`) VALUES
(1, 'coquillage'),
(2, 'poisson');

-- --------------------------------------------------------

--
-- Table structure for table `categoy`
--

CREATE TABLE `categoy` (
  `id` int(11) NOT NULL
) ENGINE=InnoDB DEFAULT CHARSET=utf8mb4 COLLATE=utf8mb4_unicode_ci;

-- --------------------------------------------------------

--
-- Table structure for table `doctrine_migration_versions`
--

CREATE TABLE `doctrine_migration_versions` (
  `version` varchar(191) COLLATE utf8_unicode_ci NOT NULL,
  `executed_at` datetime DEFAULT NULL,
  `execution_time` int(11) DEFAULT NULL
) ENGINE=InnoDB DEFAULT CHARSET=utf8 COLLATE=utf8_unicode_ci;

-- --------------------------------------------------------

--
-- Table structure for table `messenger_messages`
--

CREATE TABLE `messenger_messages` (
  `id` bigint(20) NOT NULL,
  `body` longtext COLLATE utf8mb4_unicode_ci NOT NULL,
  `headers` longtext COLLATE utf8mb4_unicode_ci NOT NULL,
  `queue_name` varchar(190) COLLATE utf8mb4_unicode_ci NOT NULL,
  `created_at` datetime NOT NULL,
  `available_at` datetime NOT NULL,
  `delivered_at` datetime DEFAULT NULL
) ENGINE=InnoDB DEFAULT CHARSET=utf8mb4 COLLATE=utf8mb4_unicode_ci;

-- --------------------------------------------------------

--
-- Table structure for table `order`
--

CREATE TABLE `order` (
  `id` int(11) NOT NULL,
  `user_id` int(11) NOT NULL,
  `created_at` datetime NOT NULL COMMENT '(DC2Type:datetime_immutable)',
  `carrier_name` varchar(255) COLLATE utf8mb4_unicode_ci NOT NULL,
  `carrier_price` double NOT NULL,
  `delivery` longtext COLLATE utf8mb4_unicode_ci NOT NULL,
  `is_paid` tinyint(1) NOT NULL
) ENGINE=InnoDB DEFAULT CHARSET=utf8mb4 COLLATE=utf8mb4_unicode_ci;

-- --------------------------------------------------------

--
-- Table structure for table `order_details`
--

CREATE TABLE `order_details` (
  `id` int(11) NOT NULL,
  `my_order_id` int(11) NOT NULL,
  `product` varchar(255) COLLATE utf8mb4_unicode_ci NOT NULL,
  `quantity` int(11) NOT NULL,
  `price` double NOT NULL,
  `total` double NOT NULL
) ENGINE=InnoDB DEFAULT CHARSET=utf8mb4 COLLATE=utf8mb4_unicode_ci;

-- --------------------------------------------------------

--
-- Table structure for table `user`
--

CREATE TABLE `user` (
  `id` int(11) NOT NULL,
  `email` varchar(180) COLLATE utf8mb4_unicode_ci NOT NULL,
  `roles` longtext COLLATE utf8mb4_unicode_ci NOT NULL COMMENT '(DC2Type:json)',
  `password` varchar(255) COLLATE utf8mb4_unicode_ci NOT NULL,
  `firstname` varchar(255) COLLATE utf8mb4_unicode_ci NOT NULL,
  `lastname` varchar(255) COLLATE utf8mb4_unicode_ci NOT NULL
) ENGINE=InnoDB DEFAULT CHARSET=utf8mb4 COLLATE=utf8mb4_unicode_ci;

--
-- Dumping data for table `user`
--

INSERT INTO `user` (`id`, `email`, `roles`, `password`, `firstname`, `lastname`) VALUES
(1, 'mohamed@gmail.com', '[]', '$2y$13$jTGjGov03OVo57r9PQ7Fy.5OKc1J3zuNv..HYSdNFwNrjE4iaeNRW', 'mohamed', 'gaaya'),
(2, 'mohamedg@gmail.com', '[]', '$2y$13$n49BJAysIQi9TW0lTTPhLuIBDuN7PWDm1rGwhQeIptsROpM78e8Ii', 'mohamed', 'gaaya'),
(4, 'mohamedgffff@gmail.com', '[]', '$2y$13$7I5pyhz46mTB0tSNC1LSyO/QdH7cztg2oZGYBsQTwWajpuFU06VOG', 'mohamed', 'gaaya');

--
-- Indexes for dumped tables
--

--
-- Indexes for table `address`
--
ALTER TABLE `address`
  ADD PRIMARY KEY (`id`),
  ADD KEY `IDX_D4E6F81A76ED395` (`user_id`);

--
-- Indexes for table `article`
--
ALTER TABLE `article`
  ADD PRIMARY KEY (`id`),
  ADD KEY `IDX_23A0E66BCF5E72D` (`categorie_id`);

--
-- Indexes for table `carrier`
--
ALTER TABLE `carrier`
  ADD PRIMARY KEY (`id`);

--
-- Indexes for table `categorie`
--
ALTER TABLE `categorie`
  ADD PRIMARY KEY (`id`);

--
-- Indexes for table `categoy`
--
ALTER TABLE `categoy`
  ADD PRIMARY KEY (`id`);

--
-- Indexes for table `doctrine_migration_versions`
--
ALTER TABLE `doctrine_migration_versions`
  ADD PRIMARY KEY (`version`);

--
-- Indexes for table `messenger_messages`
--
ALTER TABLE `messenger_messages`
  ADD PRIMARY KEY (`id`),
  ADD KEY `IDX_75EA56E0FB7336F0` (`queue_name`),
  ADD KEY `IDX_75EA56E0E3BD61CE` (`available_at`),
  ADD KEY `IDX_75EA56E016BA31DB` (`delivered_at`);

--
-- Indexes for table `order`
--
ALTER TABLE `order`
  ADD PRIMARY KEY (`id`),
  ADD KEY `IDX_F5299398A76ED395` (`user_id`);

--
-- Indexes for table `order_details`
--
ALTER TABLE `order_details`
  ADD PRIMARY KEY (`id`),
  ADD KEY `IDX_845CA2C1BFCDF877` (`my_order_id`);

--
-- Indexes for table `user`
--
ALTER TABLE `user`
  ADD PRIMARY KEY (`id`),
  ADD UNIQUE KEY `UNIQ_8D93D649E7927C74` (`email`);

--
-- AUTO_INCREMENT for dumped tables
--

--
-- AUTO_INCREMENT for table `address`
--
ALTER TABLE `address`
  MODIFY `id` int(11) NOT NULL AUTO_INCREMENT;

--
-- AUTO_INCREMENT for table `article`
--
ALTER TABLE `article`
  MODIFY `id` int(11) NOT NULL AUTO_INCREMENT, AUTO_INCREMENT=5;

--
-- AUTO_INCREMENT for table `carrier`
--
ALTER TABLE `carrier`
  MODIFY `id` int(11) NOT NULL AUTO_INCREMENT;

--
-- AUTO_INCREMENT for table `categorie`
--
ALTER TABLE `categorie`
  MODIFY `id` int(11) NOT NULL AUTO_INCREMENT, AUTO_INCREMENT=3;

--
-- AUTO_INCREMENT for table `categoy`
--
ALTER TABLE `categoy`
  MODIFY `id` int(11) NOT NULL AUTO_INCREMENT;

--
-- AUTO_INCREMENT for table `messenger_messages`
--
ALTER TABLE `messenger_messages`
  MODIFY `id` bigint(20) NOT NULL AUTO_INCREMENT;

--
-- AUTO_INCREMENT for table `order`
--
ALTER TABLE `order`
  MODIFY `id` int(11) NOT NULL AUTO_INCREMENT;

--
-- AUTO_INCREMENT for table `order_details`
--
ALTER TABLE `order_details`
  MODIFY `id` int(11) NOT NULL AUTO_INCREMENT;

--
-- AUTO_INCREMENT for table `user`
--
ALTER TABLE `user`
  MODIFY `id` int(11) NOT NULL AUTO_INCREMENT, AUTO_INCREMENT=5;

--
-- Constraints for dumped tables
--

--
-- Constraints for table `address`
--
ALTER TABLE `address`
  ADD CONSTRAINT `FK_D4E6F81A76ED395` FOREIGN KEY (`user_id`) REFERENCES `user` (`id`);

--
-- Constraints for table `article`
--
ALTER TABLE `article`
  ADD CONSTRAINT `FK_23A0E66BCF5E72D` FOREIGN KEY (`categorie_id`) REFERENCES `categorie` (`id`);

--
-- Constraints for table `order`
--
ALTER TABLE `order`
  ADD CONSTRAINT `FK_F5299398A76ED395` FOREIGN KEY (`user_id`) REFERENCES `user` (`id`);

--
-- Constraints for table `order_details`
--
ALTER TABLE `order_details`
  ADD CONSTRAINT `FK_845CA2C1BFCDF877` FOREIGN KEY (`my_order_id`) REFERENCES `order` (`id`);
--
-- Database: `project_db`
--
CREATE DATABASE IF NOT EXISTS `project_db` DEFAULT CHARACTER SET utf8mb4 COLLATE utf8mb4_general_ci;
USE `project_db`;

-- --------------------------------------------------------

--
-- Table structure for table `article`
--

CREATE TABLE `article` (
  `id` int(11) NOT NULL,
  `libelle` varchar(255) COLLATE utf8mb4_unicode_ci NOT NULL,
  `is_disponible` tinyint(1) NOT NULL,
  `price` decimal(10,0) NOT NULL,
  `marque` varchar(255) COLLATE utf8mb4_unicode_ci NOT NULL,
  `image_id` int(11) NOT NULL
) ENGINE=InnoDB DEFAULT CHARSET=utf8mb4 COLLATE=utf8mb4_unicode_ci;

--
-- Dumping data for table `article`
--

INSERT INTO `article` (`id`, `libelle`, `is_disponible`, `price`, `marque`, `image_id`) VALUES
(1, 'Libelle', 1, '0', 'Marque', 21),
(2, 'Libelle', 1, '0', 'Marque', 22),
(3, 'Libelle', 1, '0', 'Marque', 23),
(4, 'Libelle', 1, '0', 'Marque', 24);

-- --------------------------------------------------------

--
-- Table structure for table `category`
--

CREATE TABLE `category` (
  `id` int(11) NOT NULL,
  `nom_category` varchar(255) COLLATE utf8mb4_unicode_ci NOT NULL,
  `article_id` int(11) NOT NULL
) ENGINE=InnoDB DEFAULT CHARSET=utf8mb4 COLLATE=utf8mb4_unicode_ci;

-- --------------------------------------------------------

--
-- Table structure for table `doctrine_migration_versions`
--

CREATE TABLE `doctrine_migration_versions` (
  `version` varchar(191) COLLATE utf8_unicode_ci NOT NULL,
  `executed_at` datetime DEFAULT NULL,
  `execution_time` int(11) DEFAULT NULL
) ENGINE=InnoDB DEFAULT CHARSET=utf8 COLLATE=utf8_unicode_ci;

--
-- Dumping data for table `doctrine_migration_versions`
--

INSERT INTO `doctrine_migration_versions` (`version`, `executed_at`, `execution_time`) VALUES
('DoctrineMigrations\\Version20230101084918', '2023-01-01 09:49:46', 792),
('DoctrineMigrations\\Version20230101180432', '2023-01-01 19:04:44', 781),
('DoctrineMigrations\\Version20230101180800', '2023-01-01 19:08:13', 127),
('DoctrineMigrations\\Version20230101182340', '2023-01-01 19:23:45', 92);

-- --------------------------------------------------------

--
-- Table structure for table `image`
--

CREATE TABLE `image` (
  `id` int(11) NOT NULL,
  `url` varchar(255) COLLATE utf8mb4_unicode_ci NOT NULL,
  `alt` varchar(255) COLLATE utf8mb4_unicode_ci DEFAULT NULL
) ENGINE=InnoDB DEFAULT CHARSET=utf8mb4 COLLATE=utf8mb4_unicode_ci;

--
-- Dumping data for table `image`
--

INSERT INTO `image` (`id`, `url`, `alt`) VALUES
(1, 'https://images.pexels.com/photos/531880/pexels-photo-531880.jpeg?cs=srgb&dl=pexels-pixabay-531880.jpg&fm=jpg', NULL),
(2, 'https://images.pexels.com/photos/531880/pexels-photo-531880.jpeg?cs=srgb&dl=pexels-pixabay-531880.jpg&fm=jpg', NULL),
(3, 'https://images.pexels.com/photos/531880/pexels-photo-531880.jpeg?cs=srgb&dl=pexels-pixabay-531880.jpg&fm=jpg', NULL),
(4, 'https://images.pexels.com/photos/531880/pexels-photo-531880.jpeg?cs=srgb&dl=pexels-pixabay-531880.jpg&fm=jpg', NULL),
(5, 'https://images.pexels.com/photos/531880/pexels-photo-531880.jpeg?cs=srgb&dl=pexels-pixabay-531880.jpg&fm=jpg', NULL),
(6, 'https://images.pexels.com/photos/531880/pexels-photo-531880.jpeg?cs=srgb&dl=pexels-pixabay-531880.jpg&fm=jpg', NULL),
(7, 'https://images.pexels.com/photos/531880/pexels-photo-531880.jpeg?cs=srgb&dl=pexels-pixabay-531880.jpg&fm=jpg', NULL),
(8, 'https://images.pexels.com/photos/531880/pexels-photo-531880.jpeg?cs=srgb&dl=pexels-pixabay-531880.jpg&fm=jpg', NULL),
(9, 'https://images.pexels.com/photos/531880/pexels-photo-531880.jpeg?cs=srgb&dl=pexels-pixabay-531880.jpg&fm=jpg', NULL),
(10, 'https://images.pexels.com/photos/531880/pexels-photo-531880.jpeg?cs=srgb&dl=pexels-pixabay-531880.jpg&fm=jpg', NULL),
(11, 'https://images.pexels.com/photos/531880/pexels-photo-531880.jpeg?cs=srgb&dl=pexels-pixabay-531880.jpg&fm=jpg', NULL),
(12, 'https://images.pexels.com/photos/531880/pexels-photo-531880.jpeg?cs=srgb&dl=pexels-pixabay-531880.jpg&fm=jpg', NULL),
(13, 'https://images.pexels.com/photos/531880/pexels-photo-531880.jpeg?cs=srgb&dl=pexels-pixabay-531880.jpg&fm=jpg', NULL),
(14, 'https://images.pexels.com/photos/531880/pexels-photo-531880.jpeg?cs=srgb&dl=pexels-pixabay-531880.jpg&fm=jpg', NULL),
(15, 'https://images.pexels.com/photos/531880/pexels-photo-531880.jpeg?cs=srgb&dl=pexels-pixabay-531880.jpg&fm=jpg', NULL),
(16, 'https://images.pexels.com/photos/531880/pexels-photo-531880.jpeg?cs=srgb&dl=pexels-pixabay-531880.jpg&fm=jpg', NULL),
(17, 'https://images.pexels.com/photos/531880/pexels-photo-531880.jpeg?cs=srgb&dl=pexels-pixabay-531880.jpg&fm=jpg', NULL),
(18, 'https://images.pexels.com/photos/531880/pexels-photo-531880.jpeg?cs=srgb&dl=pexels-pixabay-531880.jpg&fm=jpg', NULL),
(19, 'https://images.pexels.com/photos/531880/pexels-photo-531880.jpeg?cs=srgb&dl=pexels-pixabay-531880.jpg&fm=jpg', NULL),
(20, 'https://images.pexels.com/photos/531880/pexels-photo-531880.jpeg?cs=srgb&dl=pexels-pixabay-531880.jpg&fm=jpg', NULL),
(21, 'https://images.pexels.com/photos/531880/pexels-photo-531880.jpeg?cs=srgb&dl=pexels-pixabay-531880.jpg&fm=jpg', NULL),
(22, 'https://images.pexels.com/photos/531880/pexels-photo-531880.jpeg?cs=srgb&dl=pexels-pixabay-531880.jpg&fm=jpg', NULL),
(23, 'https://images.pexels.com/photos/531880/pexels-photo-531880.jpeg?cs=srgb&dl=pexels-pixabay-531880.jpg&fm=jpg', NULL),
(24, 'https://images.pexels.com/photos/531880/pexels-photo-531880.jpeg?cs=srgb&dl=pexels-pixabay-531880.jpg&fm=jpg', NULL);

--
-- Indexes for dumped tables
--

--
-- Indexes for table `article`
--
ALTER TABLE `article`
  ADD PRIMARY KEY (`id`),
  ADD UNIQUE KEY `UNIQ_23A0E663DA5256D` (`image_id`);

--
-- Indexes for table `category`
--
ALTER TABLE `category`
  ADD PRIMARY KEY (`id`),
  ADD KEY `IDX_64C19C17294869C` (`article_id`);

--
-- Indexes for table `doctrine_migration_versions`
--
ALTER TABLE `doctrine_migration_versions`
  ADD PRIMARY KEY (`version`);

--
-- Indexes for table `image`
--
ALTER TABLE `image`
  ADD PRIMARY KEY (`id`);

--
-- AUTO_INCREMENT for dumped tables
--

--
-- AUTO_INCREMENT for table `article`
--
ALTER TABLE `article`
  MODIFY `id` int(11) NOT NULL AUTO_INCREMENT, AUTO_INCREMENT=5;

--
-- AUTO_INCREMENT for table `category`
--
ALTER TABLE `category`
  MODIFY `id` int(11) NOT NULL AUTO_INCREMENT;

--
-- AUTO_INCREMENT for table `image`
--
ALTER TABLE `image`
  MODIFY `id` int(11) NOT NULL AUTO_INCREMENT, AUTO_INCREMENT=25;

--
-- Constraints for dumped tables
--

--
-- Constraints for table `article`
--
ALTER TABLE `article`
  ADD CONSTRAINT `FK_23A0E663DA5256D` FOREIGN KEY (`image_id`) REFERENCES `image` (`id`);

--
-- Constraints for table `category`
--
ALTER TABLE `category`
  ADD CONSTRAINT `FK_64C19C17294869C` FOREIGN KEY (`article_id`) REFERENCES `article` (`id`);
--
-- Database: `test`
--
CREATE DATABASE IF NOT EXISTS `test` DEFAULT CHARACTER SET latin1 COLLATE latin1_swedish_ci;
USE `test`;
COMMIT;

/*!40101 SET CHARACTER_SET_CLIENT=@OLD_CHARACTER_SET_CLIENT */;
/*!40101 SET CHARACTER_SET_RESULTS=@OLD_CHARACTER_SET_RESULTS */;
/*!40101 SET COLLATION_CONNECTION=@OLD_COLLATION_CONNECTION */;
